object	base_AUROC	dvt_AUROC	delta_AUROC	base_F1	dvt_F1	delta_F1	dvt_artifact_l2_mean
can	0.6763139609879636	0.6499465510781158	-0.02636740990984776	0.0029625602096795553	0.0025795067682380427	-0.00038305344144151264	0.4030004143714905
fabric	0.7551182747288775	0.8984298828419428	0.14331160811306531	0.3253468313379404	0.5213577255283824	0.19601089419044204	0.3012846112251282
fruit_jelly	0.8130731665878492	0.799020131609933	-0.014053034977916212	0.5410887180014757	0.5177068628313027	-0.023381855170172994	0.3758107125759125
rice	0.9461060817988146	0.9497520811935007	0.003645999394686128	0.6954596556022505	0.6929587706075034	-0.002500884994747099	0.2855367362499237
sheet_metal	0.7658777880410315	0.8887380496776919	0.12286026163666042	0.4275533707893166	0.5174919527062136	0.08993858191689702	0.35499125719070435
vial	0.7050363425370006	0.7140343839935308	0.00899804145653016	0.39446792848769757	0.39001933276820444	-0.004448595719493131	0.4447312653064728
wallplugs	0.8527291488139059	0.8514212809137531	-0.0013078679001528037	0.4187724215272211	0.4322276023199913	0.013455180792770194	0.29893019795417786
walnuts	0.8676908909404772	0.8503132336271901	-0.01737765731328711	0.6967486921989021	0.6724444381689305	-0.024304254029971606	0.32253581285476685
